link,segment_tag,name,region,phone,email,description,site,rating_ref
https://www.alladvertising.ru/info/emg.html,COMM_GROUP,emg,Москва,+7 (495) 797-86-64,emg@emg.ru,"emg — одно из крупнейших российских агентств, занимающееся организацией интегрированных маркетинговых коммуникаций, масштабных BTL-акций, рекламных и PR-кампаний.",http://emg.ru,https://www.alladvertising.ru/top100/
https://www.alladvertising.ru/info/open_group.html,COMM_GROUP,OPEN Group,Москва,+7 (499) 649-00-80,sales@open-com.ru,"Агентство маркетинговых коммуникаций OPEN специализируется в области немедийных коммуникаций и предоставляет полный комплекс интегрированных маркетинговых услуг: мерчандайзинг и промо-активности в местах продаж, торговый маркетинг, организация мероприятий, продвижение в digital-среде.

Агентство активно внедряет инновационные технологии в управление персоналом и мерчандайзинг.",https://open-com.ru,https://www.alladvertising.ru/top100/
https://www.alladvertising.ru/info/creon.html,BTL,Creon,Москва,+7 (499) 372-32-31,info@creon-cg.com,"Агентство CREON реализует проекты в сфере рекламы и маркетинга: разрабатывает креативные концепции, организует масштабные федеральные и локальные BTL-мероприятия, реализует NCP-проекты, интегрирует бренды в мероприятия и т.д.",https://creon-cg.com,https://www.alladvertising.ru/top100/
https://www.alladvertising.ru/info/bm_group.html,BTL,BM Group,Москва,+7 (495) 150-16-14,info@bm-technology.ru,"Компания занимается разработкой и производством инновационных средств коммуникации, интерактивного и проекционного оборудования, сенсорных киосков, выставочных стендов и мультимедийных решений для презентаций.",https://bm-technology.ru,https://www.alladvertising.ru/top100/
https://www.alladvertising.ru/info/now_agency.html,SOUVENIR,N:OW,Москва,+7 953 435-91-63,hello@now-agency.ru,"Агентство «N:OW» оказывает весь комплекс услуг в области коммуникаций и событийного маркетинга — от исследований, разработки идей, сценариев и механик, до организации мероприятий и полной интеграции брендов в крупные события.",https://now-agency.ru,https://www.alladvertising.ru/top100/
https://www.alladvertising.ru/info/sport_media_alliance.html,BTL,Sport Media Alliance,Санкт-Петербург,+7 (812) 644-60-44,sales@sma-russia.ru,"SMA — федеральный оператор по размещению рекламы на территории фитнес-клубов. Кроме того, агентство оказывает услуги по проведению промо-акций, семплингов, лифлетингов; организации нестандартных рекламных кампаний на территории фитнес-сетей и спортивных клубов в крупнейших городах России.",http://sma-russia.ru,https://www.alladvertising.ru/top100/
https://www.alladvertising.ru/info/alidi.html,COMM_GROUP,АЛИДИ Продвижение,Москва,8 800 775-75-00,agency@alidi.ru,"Агентство «АЛИДИ Продвижение» специализируется на маркетинговых и рекламных акциях по продвижению брендов в местах продаж — от разработки креативных концепций и производства POS-материалов до подбора персонала, услуг мерчандайзинга, обеспечения логистики и монтажа оборудования.",https://alidi-agency.ru,https://www.alladvertising.ru/top100/
https://www.alladvertising.ru/info/horoshie_ludi.html,COMM_GROUP,Хорошие люди,Москва,+7 (495) 230-24-56,info@horoshie-ludi.ru,"BTL-агентство «Хорошие люди» специализируется на предоставлении услуг в сфере BTL с использованием полного спектра инструментов: дегустации, раздача образцов и листовок, открытия магазинов, «таинственный покупатель», аудит и мерчандайзинг, стимулирующие розыгрыши призов.",https://www.horoshie-ludi.ru,https://www.alladvertising.ru/top100/
https://www.alladvertising.ru/info/ambitica.html,BTL,Ambitica,Москва,+7 (495) 363-14-14,info@ambitica.ru,"Агентство Ambitica занимается организацией рекламных кампаний в торгово-развлекательных и бизнес-центрах: экспонирование автомобилей и размещение нестандартных конструкций, реклама на цифровых экранах и стендах, реклама в холлах и лифтовых кабинах; проведение промо-акций и т.д.",https://www.ambitica.ru,https://www.alladvertising.ru/top100/
https://www.alladvertising.ru/info/ri_communication.html,COMM_GROUP,RI Communication,Санкт-Петербург,+7 (495) 846-84-95,info@ricommunication.ru,"Весь спектр услуг в сфере событийного, торгового и потребительского маркетинга на территории России: взаимодействие с торговыми сетями и ведение взаиморасчетов с поставщиками услуг, организация промо-акций и проведение масштабных мероприятий, мотивационные программы, исследование рынка и аудит, разработка креативных сценариев и кадровый аутсорсинг.",https://ricommunication.ru,https://www.alladvertising.ru/top100/
https://www.alladvertising.ru/info/brandnew.html,BTL,BrandNew,Москва,+7 (495) 748-59-55,info@progressiongroup.ru,"Агентство BrandNew предлагает спектр услуг по организации специальных мероприятий для привлечения аудитории и стимулирования продаж: промо-акции, активации, мотивационные программы, спецпроекты в социальных сетях и Digital PR.",https://www.brandnew.ru,https://www.alladvertising.ru/top100/
https://www.alladvertising.ru/info/merchandising_solutions.html,COMM_GROUP,Merchandising Solutions,Москва,+7 (495) 297-97-78,info@merchandisingsolutions.ru,Агентство «Мерчандайзинг Солюшнс» оказывает полный комплекс услуг по продвижению продукции в федеральных и региональных торговых розничных сетях.,https://www.merchandisingsolutions.ru,https://www.alladvertising.ru/top100/
https://www.alladvertising.ru/info/master_in.html,BTL,Master In,Санкт-Петербург,+7 (495) 255-06-07,sale@master-in.ru,"Агентство «Мастер Ин» специализируется на проведении рекламных кампаний в бизнес-центрах и ВУЗах по всей России, а также предлагает услуги по организации промо-акций, размещению рекламы на транспорте, распространению печатной рекламной продукции, размещению нестандартных рекламных носителей.",https://master-in.ru,https://www.alladvertising.ru/top100/
https://www.alladvertising.ru/info/carlo_btl.html,COMM_GROUP,PAPA CARLO,Москва,+7 (495) 385-84-00,welcome@papa-carlo.ru,"Специализированное BTL-агентство PAPA CARLO предлагает комплекс маркетинговых услуг по продвижению товаров и услуг с помощью организации промо-акций и знаковых мероприятий в Москве, Екатеринбурге, Новосибирске и других крупных городах России.",https://papa-carlo.ru,https://www.alladvertising.ru/top100/
https://www.alladvertising.ru/info/progression_group.html,COMM_GROUP,Progression Group,Москва,+7 (495) 748-59-60,info@progressiongroup.ru,"Одна из крупнейших независимых групп на российском рекламном рынке, специализирующаяся на решении стратегических задач в области маркетинга, медиапланирования, BTL и мерчандайзинга, digital-коммуникаций.",https://progressiongroup.ru,https://www.alladvertising.ru/top100/
https://www.alladvertising.ru/info/red_agency.html,COMM_GROUP,RED Agency,Москва,+7 (495) 787-25-87,blue@red-agency.ru,"Агентство RED — это опытные специалисты российской BTL-индустрии, специализирующиеся на торговом маркетинге, организации промо-акций и мерчендайзинге в ритейле.

Компания осуществляет полный спектр услуг в сфере BTL — от разработки стандартов мерчендайзинга, программ лояльности и промо-акций до сложных интегрированных проектов.",https://red-agency.ru,https://www.alladvertising.ru/top100/
https://www.alladvertising.ru/info/level_event_agency.html,BTL,Level Agency,Москва,+7 (495) 122-22-69,info@level-agency.com,"Event-агентство Level оказывает полный спектр услуг в сфере организации деловых и развлекательных событий, маркетинговых и PR-акций, внутренних и внешних коммуникаций, включая продакшн и продвижение в цифровой среде.",https://level-agency.com,https://www.alladvertising.ru/top100/
https://www.alladvertising.ru/info/7.html,COMM_GROUP,SEVEN,Москва,+7 (495) 748-59-59,info@7-agency.ru,"Одно из крупнейших агентств в области трейд-маркетинга на российском рынке, предоставляющее на федеральном уровне комплекс качественных услуг в области полевого маркетинга, мерчандайзинга и размещения POSM.",https://7-agency.ru/ru,https://www.alladvertising.ru/top100/
https://www.alladvertising.ru/info/leader_team.html,COMM_GROUP,LeaderTeam,Москва,+7 (495) 225-88-30,moscow@leaderteam.ru,"Компания LeaderTeam специализируется на предоставлении услуг в сфере трейд и ритейл-маркетинга: мерчандайзинг, HR-аутсорсинг, розничные сети и складская логистика, независимая инвентаризация и аналитика данных торговых сетей.",https://www.leaderteam.ru,https://www.alladvertising.ru/top100/
https://www.alladvertising.ru/info/pos_management.html,COMM_GROUP,POS Management,Москва,+7 (495) 989-21-56,info@posmanagement.ru,"Агентство оказывает комплекс услуг в области торгового маркетинга и мерчандайзинга, помогая производителям и дистрибьюторам расширять сеть присутствия и продвигать продукцию в местах продаж.",https://posmanagement.ru,https://www.alladvertising.ru/top100/
https://www.alladvertising.ru/info/adv_group.html,FULL_CYCLE,Группа АДВ,Москва,+7 (499) 707-07-07,info@advgroup.ru,"Лидирующая группа маркетинговых коммуникаций в России, предоставляющая широкий спектр компетенций в digtial, медиа, маркетинге, брендинге и PR. Сегодня Группа АДВ объединяет 12 специализированных коммуникационных агентства.",https://advgroup.ru,https://www.alladvertising.ru/top100/
https://www.alladvertising.ru/info/deltaplan.html,FULL_CYCLE,Deltaplan,Екатеринбург,+7 (343) 222-07-07,office@delta-plan.ru,"Агентства группы Deltaplan предоставляют полный комплекс рекламных услуг: медиапланирование и размещение рекламы во всех видах медиа; разработка коммуникационных стратегий; креатив и продакшн; брендинг и нейминг; digital-продвижение, немедийные коммуникации, широкоформатная печать.",https://www.delta-plan.ru,https://www.alladvertising.ru/top100/
https://www.alladvertising.ru/info/ra_voshod.html,FULL_CYCLE,Восход,Москва,+7 (495) 134-06-51,hello@voskhod.agency,"РА «Восход» — одно из лидирующих креативных агентств России, занимающееся созданием рекламных креативов, разработкой медиастратегий и сценариев для рекламных кампаний, размещением рекламы в Интернет и на ТВ, наружной рекламой.",https://voskhod.agency,https://www.alladvertising.ru/top100/
https://www.alladvertising.ru/info/imars.html,FULL_CYCLE,Аймарс,Москва,+7 (495) 234-57-46,nb@imars.ru,"Коммуникационная группа «Аймарс» оказывает комплекс услуг в сфере PR и рекламы, реализует проекты в цифровой среде (SMM и SEO), организует промо-акции и различные деловые мероприятия. Кроме того, компания занимается организацией российско-китайских и других зарубежных проектов.",http://imars.ru,https://www.alladvertising.ru/top100/
https://www.alladvertising.ru/info/dot.html,FULL_CYCLE,DOT,Москва,+7 (495) 771-34-04,info@dot.ru,"DOT Digital Agency — одно из первых российских агентств, занявшихся созданием сайтов и рекламой в сети Интернет. На сегодняшний день компания является одним из лидеров в индустрии цифровых коммуникаций, предоставляя комплексную экспертизу в области веб-разработки, интернет-маркетинга и продакшна.",https://www.dot.ru,https://www.alladvertising.ru/top100/
https://www.alladvertising.ru/info/eventum_premo.html,COMM_GROUP,Eventum Premo,Москва,+7 (495) 785-84-46,go@eventum-premo.ru,"Компания Eventum Premo занимает одно из лидирующих мест в сфере корпоративных и маркетинговых коммуникаций. Агентство специализируется на организации и проведении крупномасштабных мероприятий, создании инсталляций и пространственных интеграций, PR и поддержке участия в выставках, продвижении в цифровой среде.",https://eventum-premo.ru,https://www.alladvertising.ru/top100/
https://www.alladvertising.ru/info/rodnaya_rech.html,FULL_CYCLE,Родная речь,Москва,+7 (495) 937-33-00,contact@rore.group,"Группа компаний «Родная речь» объединяет креативные и брендинговые, медийные и PR подразделения, специализируясь на реализации микса возможностей новых и классических медиа.",https://rore.group,https://www.alladvertising.ru/top100/
https://www.alladvertising.ru/info/young_capital.html,FULL_CYCLE,Young Capital,Москва,+7 (495) 969-51-35,New_business@youngcapital.ru,"Рекламное агентство Young Capital (ранее — Young&Rubicam) обладает огромной экспертизой и реализует масштабные проекты во всех видах медиа, сочетая аналитический подход и креативные решения.",http://www.youngcapital.ru,https://www.alladvertising.ru/top100/
https://www.alladvertising.ru/info/agima.html,FULL_CYCLE,AGIMA,Москва,+7 (495) 981-01-85,info@agima.ru,"Полносервисное агентство интернет-маркетинга, специализирующееся на реализации сложных IT-решений, разработке мобильных приложений, создании сайтов и рекламе в интернете, SEO, SMO, комплексной поддержке интернет-проектов.",https://www.agima.ru,https://www.alladvertising.ru/top100/
https://www.alladvertising.ru/info/affect.html,FULL_CYCLE,Affect,Москва,+7 977 563-74-52,hello@affect.ru,"Affect — одно из ведущих digital-агентств России, специализирующееся на нестандартных методах рекламы: вирусном маркетинге и продакшне, посеве информации и продвижении брендов в социальных сетях и СМИ.",https://affect.ru/ru/,https://www.alladvertising.ru/top100/
https://www.alladvertising.ru/info/mullenlowe.html,FULL_CYCLE,MullenLowe,Москва,+7 (495) 221-72-32,info@mullenlowe.ru,"MullenLowe — одно из крупнейших креативных агентств в России, предоставляющих полный цикл услуг в сфере позиционирования и стратегии, креативных разработок и продвижения брендов в традиционных и цифровых медиа.",https://mullenlowe.ru,https://www.alladvertising.ru/top100/
https://www.alladvertising.ru/info/group4media.html,FULL_CYCLE,Group4Media,Москва,+7 (495) 641-40-80,info@group4m.ru,"Group4Media – это крупнейший российский холдинг по управлению медиа-инвестициями, включающий агентства Mediamind, Mediasystem и Mediamaker.",http://group4m.ru,https://www.alladvertising.ru/top100/
https://www.alladvertising.ru/info/ruport.html,COMM_GROUP,Ruport,Краснодар,+7 (861) 277-65-77,info@ruport.ru,"Креативное агентство «Рупорт» оказывает комплекс услуг в области брендинга и дизайна, креатива и реализации рекламных и PR проектов, разработки сайтов, 3D визуализации и видео-продакшна.",https://ruport.ru,https://www.alladvertising.ru/top100/
https://www.alladvertising.ru/info/lbl.html,FULL_CYCLE,LBL Communication Group,Москва,+7 (495) 789-45-42,info@lbl.ru,"Независимая российская коммуникационная группа, специализирующаяся на аналитике и разработке стратегий, креативных решениях, медиа-сервисе и Digital, организации промо-акций и масштабных мероприятий; занимается оформлением и производством полиграфической и сувенирной продукции, а так же оказывает PR-поддержку.",https://www.lbl.ru,https://www.alladvertising.ru/top100/
https://www.alladvertising.ru/info/perspective_pro.html,FULL_CYCLE,Perspective,Москва,+7 (499) 754-80-80,hi@p-movie.ru,"Агентство и продакшн PERSPECTIVE оказывает полный спектр услуг по стратегическим и креативным разработкам и производству видео: создание имиджевых и рекламных роликов, корпоративных и презентационных фильмов; визуальные эффекты.",https://p-movie.ru,https://www.alladvertising.ru/top100/
https://www.alladvertising.ru/info/sobytie_communications.html,COMM_GROUP,Sobytie Communications,Москва,+7 (495) 741-36-01,info@so-bytie.ru,"Коммуникационная группа «Событие» оказывает весь спектр услуг на рынке маркетинговых коммуникаций: от разработки комплексных стратегий и креативных концепций до реализации медийных кампаний, PR, Event- и BTL-проектов.",https://so-bytie.ru,https://www.alladvertising.ru/top100/
https://www.alladvertising.ru/info/kb12_group.html,FULL_CYCLE,Группа «КБ-12»,Москва,+7 (499) 391-96-04,request@kb-12.com,"Группа компаний «КБ-12» специализируется на технологиях и креативе в маркетинге, веб-разработке и performance-маркетинге.",https://kb-12.com,https://www.alladvertising.ru/top100/
https://www.alladvertising.ru/info/mendeleev.html,FULL_CYCLE,Менделеев,Тюмень,8 800 222-20-90,sales@mendeleevm.ru,"Коммуникационное агентство «МЕНДЕЛЕЕВ» предлагает экспертизу в интернет-маркетинге, веб-разработке, PR и GR, дизайне и продакшне. Команда агентства проводит исследования и разрабатывает стратегии, создаёт дизайн и контент, предлагает актуальные инструменты для продвижения бизнеса.",https://xn--b1adcbaa4bek.xn--p1ai,https://www.alladvertising.ru/top100/
https://www.alladvertising.ru/info/redline_pr.html,FULL_CYCLE,Redline PR,Москва,+7 926 579-88-17,pr@redline-pr.ru,Коммуникационное агентство Redline PR специализируется на оказании полного цикла услуг для среднего и крупного бизнеса на территории России и в странах СНГ.,https://redline-pr.ru,https://www.alladvertising.ru/top100/
https://www.alladvertising.ru/info/infomost_communications.html,FULL_CYCLE,Infomost Communications,Москва,+7 (495) 532-28-25,info@im-com.ru,"PR-агентство Infomost Communications оказывает комплекс услуг в области корпоративных и финансовых коммуникаций, занимается работой со СМИ и цифровыми медиа, создаёт годовые отчёты, работает над выстраиванием деловой репутации.",https://im-com.ru,https://www.alladvertising.ru/top100/
https://www.alladvertising.ru/info/maximice.html,COMM_GROUP,MAXIMICE,Москва,+7 (495) 739-33-58,info@maximice.ru,"Организация бизнес-мероприятий — внутрикорпоративные, партнерские и клиентские мероприятия; нестандартные развлекательные и деловые события; презентации и роад-шоу; тимбилдинги и индивидуальные поездки; региональные программы и пресс-конференции и т.д.",https://maximice.ru,https://www.alladvertising.ru/top100/
https://www.alladvertising.ru/info/worlds.html,COMM_GROUP,WORLDS,Москва,+7 (495) 225-73-21,brief@wrlds.ru,"Компания WORLDS — одно из ведущих event-агентств в России, занимающееся комплексным обслуживанием крупных корпоративных клиентов: организация корпоративных мероприятий, презентаций, конференций и тренингов, нестандартных активаций и интегрированных проектов.",https://wrlds.ru,https://www.alladvertising.ru/top100/
https://www.alladvertising.ru/info/doctor_team.html,COMM_GROUP,DoctorTeam,Москва,+7 (499) 340-82-32,hello@doctorteam.ru,"DoctorTeam — эксперт в сфере организации корпоративных, маркетинговых и деловых мероприятий. В компетенцию агентства входят корпоративные праздники, тимбилдинги и разработка систем лояльности, конференции и выставки, бизнес-завтраки и пресс-туры, внутренний PR, а так же подготовка к открытию новых компаний, торговых точек и филиалов.",https://doctorteam.ru,https://www.alladvertising.ru/top100/
https://www.alladvertising.ru/info/grata_adv.html,SOUVENIR,Grata Adv,Москва,+7 (495) 961-00-06,grata@grata-adv.ru,"Коммуникационное агентство полного цикла Grata Adv занимается организацией деловых, корпоративных и развлекательных мероприятий, реализацией и сопровождением выставочных проектов.",https://grata-adv.ru,https://www.alladvertising.ru/top100/
https://www.alladvertising.ru/info/uts.html,COMM_GROUP,UTS,Москва,8 800 707-07-24,sales@utstravel.ru,"Event-агентство UTS занимается организацией деловых поездок (MICE), корпоративных и маркетинговых мероприятий: конференций и семинаров, встреч и презентаций, а также спортивных проектов, выставок и фестивалей.",https://uts-event.ru,https://www.alladvertising.ru/top100/
https://www.alladvertising.ru/info/market_group.html,COMM_GROUP,Market Group,Москва,+7 (495) 137-70-25,info@themarketgroup.ru,"Коммуникационное агентство Market Group оказывает широкий спектр услуг в сферах PR и организации мероприятий, разработки и продвижения нестандартных проектов в цифровой среде.",http://themarketgroup.ru,https://www.alladvertising.ru/top100/
https://www.alladvertising.ru/info/otido_group.html,COMM_GROUP,OTIDO Group,Санкт-Петербург,+7 (812) 677-55-01,spb@otido-group.ru,"Компания OTIDO предоставляет широкий спектр оборудования для технического обеспечения мероприятий в Москве и Санкт-Петербурге: аренда шатров и мебели, сценические конструкции, световое и звуковое оборудование, кейтеринг и элементы декора, а так же оказывает сопутствующие услуги по организации событий.",https://otido-group.ru,https://www.alladvertising.ru/top100/
https://www.alladvertising.ru/info/stagepro.html,COMM_GROUP,StagePro,Санкт-Петербург,+7 (812) 601-06-48,info@stagepro.ru,"StagePro — крупнейшая сценическая компания в сфере технического обеспечения мероприятий на Северо-Западе России: поставки конструкций и оборудования, оформление мероприятий и производство декораций, полное техническое обеспечение и сопровождение проектов.",https://stagepro.ru,https://www.alladvertising.ru/top100/
https://www.alladvertising.ru/info/nevent.html,COMM_GROUP,Невент,Самара,8 800 550-40-35,nevent@inbox.ru,"Компания «Невент» объединяет команду специалистов в области организации программ тимбилдинга, квестов, тренингов и бизнес-игр, деловых мероприятий и корпоративных праздников.",https://nevent.ru,https://www.alladvertising.ru/top100/
https://www.alladvertising.ru/info/intelsport.html,COMM_GROUP,ИнтелСпорт,Москва,+7 (495) 514-42-32,office@intelsport.ru,"Компания специализируется на проведении корпоративных турниров по интеллектуальным и спортивным играм, а также на организации различных спортивных мероприятий и тимбилдинге. Агентство оказывает весь комплекс услуг по креативному и техническому обеспечению мероприятий.",https://intelsport.ru,https://www.alladvertising.ru/top100/
https://www.alladvertising.ru/info/win2win_communications.html,COMM_GROUP,Win2Win Communications,Москва,+7 (495) 664-48-00,info@win2win.ru,"Коммуникационное агентство Win2Win Communications оказывает широкий спектр услуг по разработке и реализации стратегий взаимодействия с аудиторией, сотрудниками и партнерами.",https://win2win.ru,https://www.alladvertising.ru/top100/
https://www.alladvertising.ru/info/sur_event_agency.html,COMM_GROUP,SUR event agency,Нижний Новгород,+7 (831) 422-81-04,info@surpriznn.ru,"Event-агентство SUR («Студия Сюрприз») создаёт различные мероприятия и реализует комплексные коммуникационные стратегии, усиливающие бренды, вовлекающие аудиторию и дающие измеримые результаты. Агентство является одним из лидеров в сфере организации корпоративных мероприятий и событийного маркетинга, реализуя проекты, направленные на решение HR и маркетинговых задач.",https://www.surpriznn.ru,https://www.alladvertising.ru/top100/
https://www.alladvertising.ru/info/redday_event.html,COMM_GROUP,Redday event,Москва,+7 (495) 180-04-20,info@redday.ec,"Событийное агентство Redday event специализируется на организации масштабных мероприятий: корпоративные праздники, конференции, презентации, официальные встречи и т.д.",https://redday.events,https://www.alladvertising.ru/top100/
https://www.alladvertising.ru/info/big_jack.html,COMM_GROUP,BIG JACK,Москва,+7 985 760-08-01,sales@bigjack24.ru,"Event-агентство BIG JACK специализируется на организации масштабных деловых событий, корпоративных мероприятий, тренингов и тимбилдингов, конференций и семинаров, а также крупных промо-мероприятий (запуск новых брендов, открытие магазинов).",https://bigjack24.ru,https://www.alladvertising.ru/top100/
https://www.alladvertising.ru/info/atomexpo.html,COMM_GROUP,Атомэкспо,Москва,+7 (499) 922-89-95,mail@atomexpo.com,"Компания «Атомэкспо» предлагает комплекс услуг в сфере организационной поддержки выставок, презентаций и других деловых мероприятий — от разработки концепции, подбора и оформления площадки до привлечения участников и информационной поддержки.",https://atomexpo.com,https://www.alladvertising.ru/top100/
https://www.alladvertising.ru/info/abd_entertainment.html,COMM_GROUP,ABD: Entertainment,Москва,+7 (495) 107-05-24,info@abd-ent.ru,"Event-студия «ABD: Entertainment» занимается организацией маркетинговых и деловых мероприятий, корпоративных и частных событий; разрабатывает креативные концепции и сценарии.",https://abd-ent.ru,https://www.alladvertising.ru/top100/
https://www.alladvertising.ru/info/twiga.html,COMM_GROUP,TWIGA,Москва,+7 (495) 987-35-95,ask@twiga.ru,"TWIGA Communication Group — крупнейшая независимая коммуникационная группа на территории СНГ, предлагающая все виды услуг в области коммуникаций: реклама, продвижение продукции, стимулирование продаж, креатив, дизайн, BTL, PR, медиа, digital, маркетинг.",https://twiga.ru,https://www.alladvertising.ru/top100/
https://www.alladvertising.ru/info/oasis_business_gifts.html,SOUVENIR,Oasis,Москва,+7 (495) 150-12-12,sales@oasiscatalog.com,"Компания Oasis, один из ведущих игроков на рынке сувенирной продукции России, выпускает каталоги и занимается дистрибуцией широкого спектра сувенирной продукции, в которых представлено множество тематических сувениров от промо- до бизнес-класса, а также широкий спектр текстильной продукции, эксклюзивных сувениров и VIP-подарков для руководителей.",https://www.oasiscatalog.com,https://www.alladvertising.ru/top100/
https://www.alladvertising.ru/info/project_111.html,SOUVENIR,Проект 111,Санкт-Петербург,+7 (812) 389-44-14,info@gifts.ru,"Компания «Проект 111» является лидером российского рынка промоиндустрии, специализируясь на разработке, производстве и дистрибуции бизнес-подарков и мерча, промо-продукции и упаковки. Компания составляет собственные каталоги и постоянно развивает сеть региональных партнеров.",https://gifts.ru,https://www.alladvertising.ru/top100/
https://www.alladvertising.ru/info/happy_gifts.html,SOUVENIR,Happy Gifts,Москва,+7 (495) 921-36-90,info@ipg.su,"Компания Happy Gifts (ООО «Интергифт») является одним из ведущих поставщиков сувенирной промо-продукции в России, а также располагает разветвленной партнёрской сетью (в том числе зарубежном) и собственным оборудованием для оказания услуг персонализации (нанесение логотипов, создание мерча).

Компания объединяет 19 филиалов и широкую дилерскую сеть на территории РФ и ближнего зарубежья.",https://happygifts.ru,https://www.alladvertising.ru/top100/
https://www.alladvertising.ru/info/ipk_platina.html,SOUVENIR,Платина,Красноярск,+7 (391) 265-59-61,info@platinaipk.ru,"ИПК «Платина» оказывает комплекс услуг по разработке и производству корпоративной презентационной продукции: корпоративные календари, юбилейные издания, книги, сувенирные наборы.",https://platinaipk.ru,https://www.alladvertising.ru/top100/
https://www.alladvertising.ru/info/admos.html,SOUVENIR,ADMOS,Москва,+7 (495) 646-15-10,zapros@admos.ru,Компания ADMOS специализируется на разработке концепций промо- и бизнес-подарков; оказывает услуги в области производства сувенирной продукции; занимается оформлением и производством печатных и POS-материалов.,https://admos-gifts.ru,https://www.alladvertising.ru/top100/
https://www.alladvertising.ru/info/pragmatica.html,SOUVENIR,Прагматика,Екатеринбург,+7 (343) 253-15-76,info@pragmatica.ru,"Рекламно-производственная компания представляет интересы ведущих сувенирных каталогов и предлагает огромный выбор рекламных и бизнес-сувениров российского и зарубежного производства, а так же оказывает услуги по нанесению фирменной символики и производству рекламной полиграфии.",https://pragmatica.gifts,https://www.alladvertising.ru/top100/
https://www.alladvertising.ru/info/illan_gifts.html,SOUVENIR,Иллан Gifts,Санкт-Петербург,+7 (812) 704-84-71,N/A,Компания Иллан Gifts — одна из крупнейших российских компаний на рынке разработки и поставок качественной сувенирной продукции и бизнес-подарков с фирменной символикой.,https://www.illan-gifts.ru,https://www.alladvertising.ru/top100/
https://www.alladvertising.ru/info/presentime.html,SOUVENIR,ПрезенТайм,Нижний Новгород,+7 (831) 216-13-13,info@presentime.su,"Разработка, производство и продажа сувенирной продукции (деловые сувениры и подарки) из ведущих каталогов со склада в Нижнем Новгороде, а также оказание услуг по персонализации (нанесению символики).",https://presentime.online,https://www.alladvertising.ru/top100/
https://www.alladvertising.ru/info/ocean.html,SOUVENIR,ОКЕАН бизнес сувениров,Самара,+7 (846) 979-71-72,region@oceangifts.ru,"Компания «Океан бизнес-сувениров» является одним из крупнейших оптовых поставщиков бизнес-сувениров и элитных подарков в России, а также оказывает широкий спектр услуг по нанесению фирменной символики.",https://www.oceangifts.ru,https://www.alladvertising.ru/top100/
https://www.alladvertising.ru/info/zeytz.html,COMM_GROUP,Zeytz,Москва,+7 (495) 662-97-85,welcome@zeytz.ru,"Группа ZEYTZ — эксперт в производстве рекламной, полиграфической, сувенирной и текстильной продукции, оформлении мест продаж, автоматизации рекламных поставок в федеральные сети. Компании принадлежат крупнейшая в России интерьерная латексная типография и швейный цех «Швейц» в Рязани.",https://www.zeytz.ru,https://www.alladvertising.ru/top100/
https://www.alladvertising.ru/info/alter_ego.html,SOUVENIR,Alter Ego,Москва,+7 (495) 150-30-77,info@altereg.ru,"Компания «Альтер Эго» занимается производством и поставкой сувениров и корпоративных подарков, сотрудничая с крупнейшими поставщиками из России, Европы и Китая. В перечне услуг компании: разработка идей и индивидуальный дизайн, изготовление сувенирной и полиграфической продукции, все виды нанесения и персонализации, упаковка и оформление наборов, собственная служба логистики и складской комплекс.",https://altereg.ru,https://www.alladvertising.ru/top100/
https://www.alladvertising.ru/info/lbk_marketing_pro.html,SOUVENIR,LBK Marketing Pro,Москва,+7 (495) 989-12-36,zakaz@lbk-mpro.ru,"Сервисно-производственная компания «ЛБК Маркетинг Продакшен» является одним из лидеров в области разработки и производства POS-материалов и промо-дисплеев, а также промо-упаковки и различных рекламных материалов.",http://lbk-mpro.ru,https://www.alladvertising.ru/top100/
https://www.alladvertising.ru/info/eklektika.html,SOUVENIR,Эклектика,Москва,+7 (495) 129-53-72,team@eklektika.ru,"Компания «Эклектика» специализируется на оптовых поставках сувенирной продукции и бизнес-подарков от известных мировых производителей, а также оказывает услуги по разработке индивидуальных решений и нанесению фирменной символики.",https://eklektika.ru,https://www.alladvertising.ru/top100/
https://www.alladvertising.ru/info/ergonomika.html,SOUVENIR,Эргономика,Владивосток,+7 (423) 230-22-10,info@krs-vl.ru,"Компания «Эргономика» — один из крупнейших игроков на рынке бизнес-сувениров на Дальнем Востоке России: подбор продукции по крупнейшим каталогам и производство сувениров по индивидуальным эскизам, нанесение фирменной символики любыми методами (тиснение, гравировка, шелкография, сублимация и т.д.)",https://krs-vl.ru,https://www.alladvertising.ru/top100/
https://www.alladvertising.ru/info/yamaika.html,SOUVENIR,яМайка,Санкт-Петербург,+7 (812) 490-75-80,opt@i-maika.ru,"Сеть современных магазинов-типографий, позволяющих быстро выбрать и нанести свой дизайн на футболку, майку, толстовку и другой текстиль. Две студии находятся в Санкт-Петербурге и одна в Москве.",https://www.i-maika.ru,https://www.alladvertising.ru/top100/
https://www.alladvertising.ru/info/infinity_project.html,COMM_GROUP,Infinity Project,Москва,+7 (495) 989-17-53,order@infinity-project.ru,"Infinity Project — рекламно-маркетинговое агентство полного цикла, помогающее брендам выстраивать коммуникацию с потребителями и партнёрами: разработка стратегий продвижения, организация спецпроектов и мероприятий, разработка сувенирной продукции, производство торгового оборудования, создание сайтов и контент-маркетинг.",https://infinity-project.ru,https://www.alladvertising.ru/top100/
https://www.alladvertising.ru/info/stoneblack.html,SOUVENIR,STONEBLACK,Москва,+7 (495) 589-27-77,info@stoneblack.ru,"Компания STONEBLACK является крупным производителем корпоративной одежды (бейсболки, кепки, рубашки поло, толстовки, рюкзаки, куртки и т.д.), а также оказывает услуги дизайн-студии и обладает опытом в области разработки индивидуальных моделей корпоративной одежды.",http://www.stoneblack.ru,https://www.alladvertising.ru/top100/
https://www.alladvertising.ru/info/souvenir_media.html,SOUVENIR,Сувенир Медиа,Москва,+7 (495) 925-51-97,order@suvmedia.ru,"Компания «Сувенир Медиа» занимается оптовыми поставками брендированных сувениров, корпоративных подарков и другой промо-продукции.",https://www.suvmedia.ru,https://www.alladvertising.ru/top100/
https://www.alladvertising.ru/info/dixi_pro.html,COMM_GROUP,DIXI PRO,Москва,+7 (499) 110-31-66,incor@dixipro.ru,"РПК «DIXI PRO» оказывает полный спектр услуг в области оформления торговых пространств: разработка POS-материалов, изготовление специальных конструкций для ритейла, технический мерчандайзинг и т.д.",https://dixipro.ru,https://www.alladvertising.ru/top100/
https://www.alladvertising.ru/info/inel_display.html,COMM_GROUP,Инел-Дисплей,Москва,+7 (499) 350-22-00,info@inel-display.ru,"Компания «ИНЕЛ-ДИСПЛЕЙ» является одним из лидеров на рынке производства продукции для для оформления торговых точек и мерчандайзинга, а также проектирования и изготовления эксклюзивных POS-материалов POS для брендов: оформление магазинов и мест продаж (ценникодержатели, рамки, покупательские корзины), стимулирующее покупательскую активность; эксклюзивные POSM-конструкции для продвижения брендов в ритейле (рекламные стойки, полочные дисплеи, шелфсистемы, табачное оборудование).",https://inel-display.ru,https://www.alladvertising.ru/top100/
https://www.alladvertising.ru/info/tr.html,COMM_GROUP,TR-Project,Москва,+7 (495) 647-95-77,tr-media@tr-media.ru,"Федеральное маркетинговое агентство TR-Project предоставляет профессиональные и инновационные решения в сфере мерчандайзинга и консультирования, специальных мероприятий, креатива и дизайна.",https://tr.marketing,https://www.alladvertising.ru/top100/
https://www.alladvertising.ru/info/ace_target.html,COMM_GROUP,Ace Target,Москва,+7 (495) 685-94-59,welcome@ace-target.ru,"Агентство Ace Target предлагает разработку и проведение долгосрочных и краткосрочных программ стимулирования розничной торговли, направленных на повышение покупательской активности потребителей и увеличение доли рынка компании в сегменте: торговый маркетинг, мерчандайзинг, POS-материалы.",https://ace-target.ru,https://www.alladvertising.ru/top100/
https://www.alladvertising.ru/info/pos_media.html,COMM_GROUP,POS Media Russia,Москва,+7 (495) 181-16-81,info@pos-media.ru,"Компания POS Media Russia специализируется на производстве и размещении эффективных POS-материалов в торговых сетях, разрабатывает стратегии, организует промо-акции и маркетинговые кампании.",https://www.pos-media.ru,https://www.alladvertising.ru/top100/
https://www.alladvertising.ru/info/renommee.html,COMM_GROUP,Реноме,Москва,+7 (499) 236-12-63,nslepova@ra-renommee.ru,"Рекламное агентство «Renommee» оказывает весь комплекс услуг в сфере BTL: производство и размещение POS-материалов, промо-акции, сэмплинг и дегустации, аудит и мерчандайзинг, букирование торговых сетей, программы лояльности и специальные мероприятия.",https://ra-renommee.ru,https://www.alladvertising.ru/top100/
https://www.alladvertising.ru/info/depot.html,COMM_GROUP,Depot,Москва,+7 (495) 363-22-88,N/A,"Основные компетенции агентства Depot Branding Agency включают брендинг продовольственных и непродовольственных товаров, компаний и услуг; проведение исследований и анализ рынка; разработка стратегий позиционирования; нейминг и копирайт, логотипы и системы айдентики, дизайн упаковки и этикетки; оформление пространств, рекламных и промо-материалов.",https://depotwpf.ru,https://www.alladvertising.ru/top100/
https://www.alladvertising.ru/info/ony.html,COMM_GROUP,ONY,Москва,+7 (495) 120-78-88,mail@ony.ru,"Агентство полного цикла, специализирующееся на исследованиях, брендинге, digital-дизайне и разработке. ONY занимается маркетинговыми исследованиями и разработкой бренд-стратегий, созданием фирменного стиля и коммуникационного дизайна, продуктовыми исследованиями, разработкой сайтов и мобильных приложений, создаёт видео и фото, 3D графику и моушн-дизайн.",https://ony.ru,https://www.alladvertising.ru/top100/
https://www.alladvertising.ru/info/mildberry_branding.html,COMM_GROUP,Mildberry,Москва,+7 (495) 287-80-80,moscow@mildberry.com,"Mildberry сегодня — это международная кросс-функциональная команда, объединившая экспертов в разработке брендов, стратегий и коммуникаций, формировании уникального потребительского опыта и внедрении решений, помогающих клиентам преобразовывать бизнес и делать его эффективнее.",https://mildberry.ru,https://www.alladvertising.ru/top100/
https://www.alladvertising.ru/info/kian.html,COMM_GROUP,KIAN,Новосибирск,+7 (383) 207-55-09,info@kian.ru,"Главная компетенция KIAN — разработка, запуск и поддержка брендов. Группа компаний реализует весь комплекс работ в области брендинга — от проведения маркетинговых исследований, создания айдентики и упаковки, графического дизайна и продакшна, до реализации коммуникационных стратегий.",https://www.kian.ru,https://www.alladvertising.ru/top100/
https://www.alladvertising.ru/info/art_lebedev.html,COMM_GROUP,Студия Артемия Лебедева,Москва,+7 (495) 926-18-00,mailbox@artlebedev.ru,"Одна из лучших и крупнейших дизайн-студий России, занимающаяся созданием фирменных стилей и разработкой веб-сайтов, графическим и промышленным дизайном.",https://www.artlebedev.ru,https://www.alladvertising.ru/top100/
https://www.alladvertising.ru/info/coruna_branding.html,COMM_GROUP,Coruna Branding,Санкт-Петербург,+7 (812) 318-33-65,office@coruna.ru,"Одно из ведущих брендинговых агентств России с опытом работы с федеральными и транснациональными брендами.

Coruna специализируется на разработке корпоративных, потребительских и ритейл брендов, а также на проектах по капитализации бизнеса.",https://www.coruna.ru,https://www.alladvertising.ru/top100/
https://www.alladvertising.ru/info/volga_volga.html,COMM_GROUP,Volga Volga,Санкт-Петербург,+7 (812) 679-68-77,info@volga-volga.com,"Брендинговое агентство Volga Volga Brand Identity с 2003 года создаёт и поддерживает бренды, которые способствуют развитию бизнеса и улучшают жизнь людей. Основная компетенция агентства — корпоративный брендинг.",https://volga-volga.com,https://www.alladvertising.ru/top100/
https://www.alladvertising.ru/info/tomatdesign.html,COMM_GROUP,Tomatdesign,Москва,+7 (499) 110-91-33,studio@tomatdesign.ru,"Брендинговое агентство Tomatdesign оказывает полный комплекс услуг в сферах корпоративного и потребительского брендинга, создания упаковки, средового дизайна и визуальных коммуникаций.",https://tomatdesign.ru,https://www.alladvertising.ru/top100/
https://www.alladvertising.ru/info/ddvb.html,COMM_GROUP,DDVB,Москва,+7 (495) 916-01-23,info@ddvb.ru,"DDVB является одним из крупнейших брендинговых агентств в России и предлагает полный комплекс услуг — от разработки названия, айдентики и оформления упаковки до ритейл-дизайна, разработки стратегий продвижения и креатива в рекламе.",https://www.ddvb.ru,https://www.alladvertising.ru/top100/
https://www.alladvertising.ru/info/endy_lab.html,COMM_GROUP,ENDY,Санкт-Петербург,+7 (812) 495-90-23,fm@endy.pro,Агентство ENDY специализируется на реализации брендинговых проектов: от разработки названия и позиционирования до создания фирменного стиля и стратегии коммуникации.,https://endylab.ru,https://www.alladvertising.ru/top100/
https://www.alladvertising.ru/info/dotorg.html,COMM_GROUP,Dotorg,Москва,+7 (499) 340-70-32,info@dotorg.ru,"Агентство Dotorg разрабатывает стратегии для компаний и брендов на B2B-рынках, занимается сопровождением реализации и внедрения изменений; разрабатывает сайты и веб-сервисы.",https://dotorg.ru,https://www.alladvertising.ru/top100/
https://www.alladvertising.ru/info/linii.html,COMM_GROUP,LINII,Москва,N/A,info@linii.ru,Брендинговое агентство LINII предоставляет полный спектр услуг в области брендинга — от разработки названий и фирменных стилей до ритейл-дизайна и брендинга территорий.,https://linii.ru,https://www.alladvertising.ru/top100/
https://www.alladvertising.ru/info/otvetdesign.html,COMM_GROUP,OTVETDESIGN,Санкт-Петербург,+7 (812) 401-66-06,hello-adv@otvetdesign.ru,Коммуникационное агентство OTVETDESIGN специализируется на реализации проектов в области корпоративного и потребительского брендинга.,https://otvetdesign.ru,https://www.alladvertising.ru/top100/
https://www.alladvertising.ru/info/brandson.html,COMM_GROUP,Brandson,Москва,+7 (812) 688-80-75,info@brandson-total.com,"Брендинговое агентство Brandson является частью независимой международной сети Total Skills Network и реализует комплексные проекты по брендингу, а также интегрированные маркетинговые решения для лидирующих международных и национальных компаний.

Агентство предлагает глубокую экспертизу в области ритейл-брендинга, HR-брендинга, располагает собственными ресурсами для реализации проектов любой сложности по дизайну интерьеров, офисов и точек продаж.",https://www.brandson-total.com,https://www.alladvertising.ru/top100/
https://www.alladvertising.ru/info/zebrand.html,COMM_GROUP,Zebrand,Москва,+7 925 483-82-82,box@zebrand.ru,Агентство Zebrand специализируется на создании и развитии визуальных систем корпоративных и товарных брендов. Основная компетенция — брендинг и графический дизайн для различных сфер бизнеса.,http://www.zebrandstudio.com,https://www.alladvertising.ru/top100/
https://www.alladvertising.ru/info/wellhead.html,COMM_GROUP,HEADS,Москва,+7 (495) 107-90-98,head@wellhead.ru,"Брендинговое агентство HEADS (ранее — Wellhead) занимается созданием и развитием брендов, специализируется на стратегическом планировании и позиционировании, разработке фирменных стилей и дизайне упаковки, создании креативных решений для продвижения брендов.",https://www.wellhead.ru,https://www.alladvertising.ru/top100/
https://www.alladvertising.ru/info/getbrand.html,COMM_GROUP,Getbrand,Москва,+7 (495) 414-15-05,alladvertising@getbrand.ru,"Агентство GETBRAND создаёт облик новых товаров и компаний, работает над формированием и развитием брендов; разрабатывает элементы корпоративной идентификации, создаёт дизайн упаковки и ключевые изображения для рекламы; занимается оформлением мест продаж.",https://getbrand.ru,https://www.alladvertising.ru/top100/
https://www.alladvertising.ru/info/svoe_mnenie.html,COMM_GROUP,Свое мнение,Москва,+7 (495) 785-62-78,brand@svoemnenie.com,"Основное направление деятельности агентства «Своё Мнение» — создание продуктовых брендов и дизайн упаковки/этикетки, а также проведение исследований и выработка позиционирования будущих брендов, разработка рекламных и POS-материалов и т.д.",https://svoemnenie.com,https://www.alladvertising.ru/top100/
https://www.alladvertising.ru/info/repina_branding.html,COMM_GROUP,REPINA Branding,Москва,+7 (499) 521-70-73,N/A,"Агентство Répina Branding специализируется на разработке брендов с нуля, а также на комплексном корпоративном, продуктовом, ритейл и HR-брендинге — от позиционирования, нейминга до дизайна фирменного стиля, упаковки и digital-носителей бренда. Агентство отличается высокой стратегической экспертизой и умением четко решать задачи с точки зрения бизнеса.",https://repinabranding.ru,https://www.alladvertising.ru/top100/
